x,y,direccion
45.209974679728056,35.2503682864603,293.5
45.7156756391253,34.878225477411334,293.5
77.38274028238287,71.0577314997598,322.7
61.68867858930056,85.44542323066543,179.8
18.972709869228943,80.59534806795381,320.2
24.688887781242215,78.08659730119517,311.8
39.28253855084424,65.83240473349278,16.7
40.51665015464196,74.52726990203327,295.2
42.11685502538615,40.068365639190326,314.8
43.82151732925467,37.17799616901654,320.3
45.99644146733125,74.77103960459844,132.2
46.6864860089735,32.49022276394413,131.1
1.6449997127553002,102.96256258704496,55.5
54.501858041234165,62.449531066961995,210.9
54.77562034607249,62.230425498590314,297.0
58.086821936391075,44.700577720223556,352.0
58.17820671541797,36.34142111400428,19.8
59.853838000074326,64.08284426960496,152.0
99.00489542156744,73.1119589808227,15.0
93.65550641266002,95.84959435645015,275.6
99.05083393658646,89.04459784830175,320.0
78.5464570439808,95.47123395838837,225.4
83.77837491788323,98.17584909014401,251.8
75.95811279923073,73.45214771300475,212.7
81.57004550610047,80.20757879762964,279.3
67.993974847624,84.16820877653417,88.4
68.38455391785966,84.16911099716208,90.6
58.532748295462966,82.91778254173182,113.7
59.35505508333026,81.79113582153064,132.8
60.59291899573363,71.1337758098255,51.8
63.44552244795779,83.35997376033082,291.1
49.2658754119765,98.8900830280133,187.0
50.18169810151163,88.45195747334093,278.0
50.41405236919967,88.5391377637281,113.7
56.79135581285511,85.05092597223037,286.0
42.01718451227399,85.10569334211701,300.8
42.764297747485905,90.80797002111609,100.5
36.42875015906042,91.71848076769798,292.8
29.58726874998102,96.34308326217821,108.5
14.775804276989216,102.7638936047818,283.5
13.53468325460215,90.97616456834207,311.0
59.215070096691356,62.43708042229699,89.0
52.230213948501266,40.57995051294078,303.0
4.635029625404926,96.61161505431933,141.0
54.18775473437147,62.77382524945368,120.0
61.06314545861151,102.71662239942638,135.0
4.1722370370780855,98.28811111398676,226.0
4.1831697257021165,98.29621563299851,286.1
14.35845795267026,79.33998281965702,337.0
20.925746705728,76.15333956192084,322.1
23.031136703971512,74.35092443587752,328.0
24.536475667280875,74.94422987632977,131.0
25.471481408195118,49.274011416235815,327.4
26.180493825624804,49.159553129607445,175.0
26.340678789384373,58.39638480709956,136.0
29.897902718879184,52.56116205191985,137.0
35.158035123789745,46.17430613820391,326.0
37.305139710711444,59.112732519011324,307.9
38.458389506198834,37.80751416769941,327.2
39.15285841171938,36.48116735594603,117.7
39.695274811801674,77.40372970789808,42.4
40.151824360358866,75.1862209153714,343.0
41.289389918540095,50.36579633137501,187.4
41.327310932060776,28.470922666493987,298.0
43.311854780881816,55.24533544202057,67.0
43.42899283586128,38.842964426832644,2.3
43.71794712699465,36.19407044105596,291.6
44.07866395175987,62.911968116451,62.0
45.08045076397797,35.36876541057277,97.4
46.17379331665199,57.01064094475182,311.0
46.188000800924776,48.66638902330544,135.0
46.26661358216041,63.19948778614958,52.0
46.39729590897259,48.160366984169265,128.0
46.936092642937226,34.68288182260527,299.0
47.13297241410596,82.8684078734268,295.9
47.605789826916556,70.5934229869112,115.5
47.70379788751216,46.71302465289509,307.0
47.7961376924528,82.32894180450106,265.8
0.4271677636544286,103.18076077924229,108.2
1.684798354384221,102.19004519661345,118.2
84.46984315556358,0.0794108818943662,287.0
86.87898445138227,-0.28114225874594645,163.0
89.95123502094171,8.990834778862629,218.8
91.13022924954917,11.60409878315699,218.6
91.15223316450694,17.227526534824225,336.9
93.87881741027566,7.89430160544747,170.0
96.10299317796103,21.434431811866265,350.0
99.64367806300464,-3.077288962088488,19.3
5.523448376914268,103.48609801745523,92.6
6.356923662273219,99.95986922647108,295.5
7.16480189505436,101.9844987153925,99.0
7.818525975864783,102.93679001036574,68.0
9.267766009572467,101.39177069614209,100.0
11.490913061072929,102.6920098206973,104.0
85.21680901023323,37.95542679521025,338.0
85.70751547326205,45.72488168794241,76.0
86.55036710871887,32.20137296326271,341.0
89.9027851414828,36.93071038377578,275.4
90.7324108470782,36.669880978023656,233.3
90.77595590209107,47.49975072932937,312.0
91.37790814602025,36.93885614715909,261.9
92.94347564172506,38.23477492379329,334.6
94.03593096353477,31.326316909583976,28.2
94.49087701179228,44.83424557290649,13.2
94.79130929955595,47.085466483637894,13.2
95.45871029468708,52.06652345933455,13.0
50.034886448155724,54.83588709889462,31.0
51.368886688268134,42.02526671446202,188.9
51.61548970678077,45.46400072672582,147.0
51.77443372637464,57.59027387603158,9.0
51.92749136711103,38.295507260916935,124.7
53.03814523827761,36.923162663780104,128.3
53.22237091608883,43.924173047772435,357.0
54.02600753686407,63.380653688231526,210.5
54.91053838966889,61.272793057499925,180.3
54.99797631777436,47.51519159093254,286.1
55.37237595208198,30.00964705850814,74.0
55.875123405412516,36.85563016089531,308.7
55.95296686021758,65.25241606950831,197.6
56.28430190008004,33.943375396061974,116.5
57.20265363972019,32.77173106648768,17.6
57.724483925661104,29.870684459626045,238.0
57.80791015540658,32.638078680444075,245.3
58.08344986958443,53.104541180597444,340.0
58.32682230661101,43.46525723650543,351.0
58.326769249615765,30.460009818222645,239.5
59.239237558009314,60.072489045237134,107.8
59.84828764885321,26.06771109101364,307.3
60.434257946780924,30.323243482126188,104.3
61.848371302048996,43.94933211442468,271.0
62.04742051479965,62.77699591051744,214.6
62.21886535198701,65.73593414841147,2.9
64.07108210714442,66.71666343757607,12.0
64.1277558208608,18.45237094816582,358.6
64.42299147070479,33.667899082859215,312.1
66.11073448832317,43.575013664775845,98.0
74.9495081631282,61.41979315328996,332.2
82.72311549732632,7.69784950815571,282.0
84.23249858271501,37.208965536512444,72.9
84.68699364651324,82.58907005593665,126.7
84.78302091262097,76.17620441040499,291.2
85.27773317878811,79.50179480038395,284.0
87.28954537553606,78.57982327405452,287.0
89.64818230713685,81.93974444781158,351.0
90.33637574916844,76.20104383317764,85.3
90.85733648991014,77.95587326553239,282.0
91.62753541325986,77.5308500165957,281.0
94.24287387812824,76.94709780370628,281.0
96.68521411489388,75.54607290169517,100.2
97.5592956872533,62.002421457054346,20.4
99.43800556868536,71.06680526150325,95.0
100.3510781373021,71.07931777272557,102.0
100.50325739000671,73.00425961558389,88.0
95.89360964158787,100.61877899543765,227.6
97.8699208133189,100.10336355067845,74.6
98.4292771329273,99.95734300871297,230.0
98.48560892378569,100.02083871873121,54.0
98.9355263479417,100.51442557984174,53.0
99.2538506335344,100.92824582635315,9.0
99.5321345734089,101.30343040780474,46.4
100.1225793445993,102.1881891998932,43.0
100.34092951316285,102.59257995195647,88.3
100.36685375054444,101.7730903778634,52.0
100.75743576839098,103.4479418182148,89.7
100.76268546330591,103.01930968676652,271.0
100.79694554415711,102.43785684759163,89.2
93.30184027303598,88.3865902999631,87.0
93.42665095904496,96.60983639079579,19.3
93.66883550890103,92.29250446444544,171.0
94.34630849028939,98.96563240562025,77.0
94.62517900472209,90.15845365777257,246.8
95.02025612910722,97.19879055004833,150.7
95.77770663555243,97.16765620506621,57.0
95.88326057991118,99.07532181178688,72.7
95.91974905456118,92.1755148045125,249.0
96.83333745507579,85.87903561997972,112.8
97.01670537813115,96.45253035766191,325.0
99.14639842779152,95.60280350366813,339.0
99.27773512421128,92.4042303114579,15.0
100.52183028594091,94.40137558228031,165.0
100.82620942462604,94.6159133365016,180.0
100.84034321862771,93.30208934706344,179.9
100.84260403614584,86.73246415632111,181.0
100.84938059347843,92.59833147957069,180.0
100.88149186602362,90.28450161280959,327.9
85.29082057093981,100.88658901107648,34.2
85.45866048006378,99.90672069816821,245.0
86.17886497587187,99.82906785761163,238.0
86.78781484794705,100.89053815965345,258.7
88.18203477762235,101.03634216866823,121.7
88.49716680066996,99.94619156175214,299.0
89.31373459022211,100.65996150044138,228.0
89.36109385366838,100.1361631371624,241.0
89.94807518211591,100.70384551178232,243.4
92.82158898567434,100.46175651735827,63.0
86.18873062937,95.870891918815,77.2
86.54125309598616,89.14956992947108,66.0
86.88570500410881,89.0349054209849,278.1
87.14696354374273,95.57211253568023,230.3
88.35469697808871,88.38989500523442,225.0
91.19081444285689,97.58821990632784,282.0
91.53972019096624,93.90718036668926,227.0
91.56073076106927,86.64508279962257,94.9
91.60928675451864,94.7661768931914,74.0
91.8457853630547,94.38139783980542,252.0
92.4434930473671,92.1028731551006,232.3
92.91662290692732,86.48846760971234,15.5
93.07668701864222,93.91203689144058,165.0
80.63039727810538,100.95290996054666,130.2
82.33807204025749,99.85051493082338,38.8
83.54943987877535,103.07492256627016,226.9
77.53608973659293,93.60402908016906,55.2
77.91213119014121,93.27897187680347,210.0
78.16511283852242,93.16299785952022,217.0
78.56316704986098,89.73611129298733,64.2
80.21379964694106,92.60896737188699,250.0
81.66003311758686,87.65652367896081,39.1
81.73476684295049,95.60058661869672,237.0
82.81373684514436,95.3993192410252,243.1
82.89180137076285,91.56122629002856,358.9
82.90150785327536,84.43483301649063,104.6
83.0415989539047,88.07468489557904,71.5
83.04325551119953,84.73049844957251,251.3
83.24672024499596,95.77278186996413,243.0
83.39926500144533,97.9278621505867,179.0
83.40757726402819,84.22384743377005,106.6
75.56598328569059,82.70483269581564,257.0
76.81619473992357,83.01666592254945,106.0
77.61756759556985,83.35655047749125,271.0
81.47500568962582,80.24084753884007,108.8
82.51463392987176,78.84666404696166,282.0
69.08796292707306,102.16901056711731,173.0
70.40845721429375,101.44775993053624,229.5
71.92401849201349,102.40285068722919,209.4
75.10736451432022,101.39880286149327,240.7
66.67620710043491,96.2185922821676,277.2
66.79430018132818,88.84370166997428,107.0
66.9406313741163,93.1707054014557,10.0
67.0257613229302,86.48686939031435,172.9
67.20007713308055,95.33609161942208,286.2
67.42056137189589,84.42313508160662,100.0
67.62553823005574,96.41813255177998,264.9
67.76940522017753,84.26940699770569,103.7
67.81172996430058,84.66897215829631,262.3
68.1786279290077,84.68060307107652,269.0
68.20932434834735,86.02739162448485,96.1
68.35628632985633,94.39989594045055,298.6
68.97646659925086,84.89152163169332,239.3
69.34502406886374,85.06076275484769,267.8
69.4742473283076,90.16281525006514,20.8
69.58802215931298,91.25429083241761,32.0
69.6928421485713,87.7904699311518,50.3
69.78561819991702,96.36577282208324,267.7
70.8286332450239,85.74965718193913,259.0
71.22151734694035,86.18210441775682,245.9
71.28102960990047,97.3499150829945,209.2
71.30558615585,96.32820435513754,275.0
71.43506585743745,86.02560780541484,61.3
72.37240905375177,86.92150257782478,220.3
72.445191460736,99.35643313725414,232.4
72.55337172635757,88.41844126590112,230.5
72.56483203732287,85.59951220281755,100.0
72.78100686908283,90.0105616524475,122.1
73.62909051378948,88.08576416488962,243.3
73.96504740745685,88.2980953452324,230.2
74.47873933985484,88.26076403342319,257.0
74.88608147296594,89.1551585418176,247.0
75.11699730656161,90.32926722259268,296.9
67.06192556038721,81.83020970803832,108.0
67.12352767943645,83.81380104725648,245.5
67.60529993399415,83.74926907240274,333.1
68.37416358963112,82.77780945574649,61.7
68.43364932409364,83.64763262978342,269.0
68.63393063817746,82.57107204329668,133.9
68.76606908474707,82.17468269931626,281.0
68.78851808894244,82.34444453266157,135.0
70.16811786882666,82.89690257862904,295.1
71.15817613749257,82.15583402151286,297.1
71.48994447614925,81.90706343889589,296.9
72.22171539691301,79.78660265265239,316.4
72.22652884542288,81.74406568248659,273.2
73.90242541505528,79.55088591363449,144.0
61.64118963097706,101.20554720299748,150.0
59.897058817894255,92.29522659296848,97.0
60.26385361622181,86.32858380335591,284.6
60.56502280669676,91.00004505947592,246.0
60.68767584156717,87.27737963783936,114.0
60.87078142725733,93.80976116106206,43.0
61.156127842716415,93.77738948493307,203.5
61.31308222498987,86.49986136735608,135.8
61.70633183065114,85.2039889906399,179.0
61.71820775474557,94.48792689600118,27.9
61.87157489462069,90.86536671968975,30.5
62.28554325691129,95.96835236881377,56.1
62.77111498184813,96.6537049354974,49.2
62.96126240984692,93.57283286862956,187.4
63.118953694831646,85.78818973607004,64.2
63.2785992458066,97.43652310772627,68.9
63.58913889115772,99.10521367007576,270.0
63.60834552342361,99.05055456666447,270.0
63.61191213254604,98.16920874632267,1.7000000000000002
63.696449611580036,97.48305706994006,332.5
63.79135678556667,92.25429155419413,211.6
64.50413330204539,96.59921080957234,50.5
64.5487070732432,97.11774535993088,298.0
64.80372846832913,85.8813865491587,95.0
64.7999525788367,90.98944525598473,203.0
64.95282452008989,99.12354679323467,136.8
65.37270284212465,91.33101051906763,153.3
65.6616541856472,86.48963276320893,156.0
65.68275613168636,95.94376556781692,305.1
66.50293179691279,95.19291693909435,302.7
57.858809499477694,75.28921842225225,213.0
58.365344632744005,82.99056339089775,115.0
59.16685602610002,82.72030964624393,270.2
59.88838399917748,82.9420754765813,248.1
60.96600989082608,82.26697729177702,93.0
61.03861249354877,75.02483684499944,244.9
62.418854852597164,73.16578288570989,345.4
62.604572021495954,81.4965118088307,101.0
62.6404532883119,73.8979220363831,36.2
63.891905686710636,82.0499339419834,94.0
64.68502523199093,71.70148396217769,12.0
64.9270653489156,81.96422298233307,94.0
65.68446279836562,77.56948568165554,208.2
65.74601186041964,81.8929217749969,92.3
66.35928587760442,83.16106762293117,257.0
49.4224377620076,89.18468951185532,342.5
49.63897514990146,88.32794080360327,102.8
49.6266511889586,89.2709778927075,286.6
49.85564812789422,88.14352175171443,281.0
50.646839935681925,88.19115900086747,271.3
51.42005131731529,87.90263399961209,97.0
52.21455034447105,88.01142634069727,262.0
52.85844414311344,88.06801361847904,89.0
53.35941123949361,85.62978557154335,71.5
54.26638225366129,88.35787906181015,268.0
54.33951247872524,85.514620975052,113.0
54.940058712281356,87.7033102629504,84.0
54.97651476321209,84.91865011708761,109.3
55.52703414550718,87.90310830988506,85.0
54.925860070841075,78.64172076467479,142.9
56.86112281394492,83.44538054274088,264.0
57.15221707055174,75.26396140021754,17.0
42.009839066048286,102.7908983570614,291.0
45.65425627194846,103.47520434781666,336.4
40.26672812631783,94.70317096008547,121.6
41.35308484128926,87.60847398609219,302.8
41.421764173977294,97.69034097031303,206.5
42.77372420696814,90.67045613078508,284.0
44.17112166113431,87.85103729078921,300.5
44.36108044203904,93.15565636138236,119.0
44.44068656812939,90.01019560864988,100.8
44.88402787249023,91.32521568486331,130.0
47.29068433236658,88.83284408916086,280.0
47.65902367877691,92.99809770647268,153.0
34.1098735501476,100.18887859956386,115.4
32.074872498882165,95.35703860462867,106.4
32.21324219477803,94.70071691997755,120.3
33.025972195010034,93.3935848298252,289.0
33.751054986766526,94.5099410793219,104.7
34.36606809434984,94.82648131996011,129.1
34.604187888850646,91.52729763887314,2.0
35.661887931187195,96.76983877472044,283.5
35.83069760427914,85.61258151305596,353.0
36.370119231742926,88.9883663032247,170.0
36.76343663245362,92.05248284414586,123.6
38.35591286756226,96.22628951301017,283.2
39.52757638799825,95.5545836777668,114.1
39.673547972263314,92.0665368637553,278.0
24.705462197023532,97.59802060012004,292.9
25.25665363459134,96.87138757305021,286.7
26.346344097428403,97.9576869867718,106.5
28.359500404721675,99.65195421503556,302.3
29.910430064970342,95.7399719723873,103.0
15.630761750186387,102.48859773570462,283.4
16.655006409432392,102.85726055090315,288.0
16.850895783357196,101.10804550862713,88.8
17.264233356926965,101.15049112250992,82.6
17.429679806044817,101.10110614311199,66.8
18.082065671531602,100.75359137943143,104.0
18.299466709403085,101.31905171353351,82.7
19.42884085704615,101.94108385877803,270.5
19.45538998792687,101.90891840450686,315.0
19.4796576680136,101.9293807683476,126.6
19.565061744636008,101.88156823061541,271.4
19.61165462926259,101.94275425582627,268.6
20.100545364010916,101.93788226443561,264.3
20.49105074397548,101.04139460418445,288.9
20.76508717662237,100.00894487308229,336.7
17.759676630583684,85.8997196723176,311.0
19.87828961107778,99.01857986761176,278.0
21.057192463749026,99.15068558972182,310.2
21.442577843675846,98.13650711522119,329.0
21.868669729371888,84.83829061464733,306.0
22.0452876235922,98.16967790104917,304.9
22.176303030429857,98.19675998652546,100.0
22.387611356684733,95.7740552899361,152.0
22.38578383796085,96.88559110350656,348.1
5.843538281403125,98.76940715237208,219.0
6.423233115841889,90.70981357234723,331.0
6.946820177846461,96.1935053931656,290.0
7.259016380492454,98.02650837626787,87.4
7.470433768348612,99.0060776674823,301.5
7.504817648855279,87.85265613237299,331.3
8.620644577054799,98.39887287381399,269.9
9.746676133999678,95.99814111617374,119.0
11.571155871105782,88.68233822178809,336.3
11.948340997661921,98.41300938216652,88.3
39.308412678841485,46.42719084688408,136.0
30.637464175106224,68.10531502811887,313.0
30.510631428057582,60.38832297601236,135.0
18.118371394309204,71.59020664770595,144.0
3.034058375841053,99.50323732227928,306.3
3.5597912985407554,98.91257667715338,306.2
4.1465220800664815,98.29034862114393,109.7
4.214305339057607,98.27774846563204,106.9
4.623775647198808,98.10825472070188,284.6
38.04700030339758,57.090675647766055,149.5
39.19996123302215,38.85219801051586,147.4
40.0227101625162,58.05534540975407,67.4
45.04415683164376,39.181869427949835,136.7
45.06723072933823,35.30632658757577,123.8
45.115002658302835,35.34329185558736,112.5
45.13218428191819,35.330681388982576,115.3
47.8323697249593,33.69356854860953,291.0
0.4276010624486357,102.37253607413182,326.7
0.9058361839923332,103.15673077726154,93.2
1.8798918733808785,102.29224874934175,222.0
2.1700988991233405,103.13907303068696,208.3
2.193470505513196,103.18225588771138,298.1
2.194720292511453,103.1676966245503,28.1
3.215937755419686,100.54356472834961,139.5
95.15395091420294,-4.385936782895717,339.1
6.064862589309254,102.9276131376934,94.7
85.9875178702592,34.09126224584058,277.0
92.01013824854905,29.8581616373108,132.4
93.53476048200626,38.015035223208855,196.9
93.56029268714548,37.97587884795809,250.3
93.89876389286363,39.02358899653783,355.5
97.22646915630327,25.103319728533673,147.9
99.86359341292687,46.35583808408346,262.0
52.58576655906609,62.40434270237041,212.6
54.036333017654016,39.63512444922008,305.8
55.019361234454685,46.100612757317194,175.7
56.86970920433637,30.88809546174776,2.6
57.34308371559669,34.114147716510516,340.0
58.60962198630002,29.047477736546,94.0
62.43827960806559,63.10545061899038,309.4
71.18412985098264,60.332864762902084,249.8
73.99231575538377,51.98640626757719,113.6
85.89422893462644,79.27913706051157,284.2
86.52375902562125,78.52789145471269,291.5
90.4822412194431,77.30736223374568,288.9
93.49565452892591,102.49315523876213,163.7
93.90576152100962,102.57550478213022,255.9
99.87470295820158,102.89333390937972,242.1
100.24963611007213,101.63578270939021,232.5
100.47943774676843,102.96268116461319,293.9
100.68095410979629,102.02031429654681,88.8
100.70884145600064,102.9834373946013,270.0
100.7089357795477,102.98929409536298,267.2
100.70931307373587,102.9796893123357,270.0
100.71042137541355,102.99953301060299,98.4
100.73832345967213,102.99792963565856,90.0
100.75599143907694,102.9796893123357,90.0
100.76295074828197,102.99057267088136,17.0
94.54808719068247,86.6857652166211,298.1
94.63816323049423,86.44099533804557,144.0
94.78180030697006,96.23385785519164,315.6
91.44866259674315,90.9290119405549,230.3
92.60411130992087,86.65432153885226,286.9
93.04518000632022,87.20383576779955,296.5
81.55092730215995,102.72562398351957,69.9
78.45786070481324,85.27412504447948,326.3
78.65828939943928,96.16480446610555,47.9
81.85722533550516,98.92767727269118,72.5
83.39770276769748,84.80941955455461,265.3
83.55799974066917,84.17207543636802,284.1
67.98798235477612,95.67353760089534,88.8
68.2642648668869,95.15282225439053,79.3
68.30268402664039,87.10747344919358,18.4
68.70722592944874,85.26205075470497,341.2
70.01168521367275,84.46556522885007,259.0
71.14861998313316,99.66612681221324,80.4
74.03630589963423,86.40251433937911,79.7
74.9873201150476,84.94184492054427,81.8
75.06502503214293,87.4898551734826,37.4
66.90196461505188,79.00885753812553,26.2
68.44124826485204,84.09389673007404,116.4
68.72834556115302,84.13379034846648,18.8
68.76552082912991,82.4056408689653,306.6
68.77740854366769,82.38194082195702,351.6
69.34281925595168,80.55239721051942,301.7
70.61088144146187,81.77072501315438,66.2
72.76106922932738,83.16645516896634,80.4
60.93242186524752,84.5721819293354,279.2
61.70834504885824,85.23284973963976,357.2
61.71065302814986,85.23626786693288,84.4
61.71356821527556,85.21538790383009,180.0
61.743937449811355,85.15824382703224,267.2
61.74589466341243,85.23076174332947,90.0
61.747280040509594,85.68768235812219,176.0
61.75084959724286,85.21082524522615,357.2
62.963036871575596,96.81065008038011,178.7
63.531781331725256,99.12749594181163,1.6
63.54082460179767,99.17937620568897,91.0
63.55283316838011,99.20442700586588,174.4
63.55440129734962,99.2114746378564,180.0
63.55440424496046,99.21943480156764,177.2
63.55820076772879,99.19489955603527,180.0
63.56043210913847,99.17043648815311,50.6
63.567205718860215,99.15393358398227,174.4
63.579759593449005,99.19347146966997,208.1
63.59139970867581,99.10801313179546,261.6
63.59164436037594,99.10208425338355,255.9
63.59678204607876,99.25453891731257,180.0
64.13989408232044,98.88087006651583,180.0
64.18850902798667,99.47821745538107,334.2
64.20844961535298,98.7336431266822,317.4
64.62523884122226,97.02472899096779,50.7
65.04015633420492,92.41978459508286,162.8
58.59038293031482,78.19651355140539,317.8
59.32828782924702,82.46118672636514,130.3
65.73863693808552,83.11380672866864,276.0
66.04116497715998,84.01038203320935,268.7
66.51464855002158,82.61085223966734,42.3
49.20750092680254,89.20634796247134,118.2
53.49173243793561,86.25019371965767,114.0
53.33538526349619,76.34281620487235,173.1
46.58842783899358,99.40215252312957,259.4
48.34724659691695,94.18186788128591,0.0
33.617021226423645,96.80992314833136,346.3
39.01632507737994,90.09657678933807,297.7
25.864471624102013,97.14163100661116,103.0
31.23116310866948,95.32077449093362,103.5
15.820095637591917,102.26279511250071,97.0
16.47133783007085,102.21598790632537,283.6
17.238477133363553,102.00102224174913,272.1
19.149410296552908,100.99126722609847,126.5
19.37183995852592,102.54779887553407,77.1
19.465196689208117,101.93212351905639,5.6
19.482216194227032,101.92643695132742,267.2
19.494330874799893,101.92838574788367,17.0
19.496691911086703,101.89835468984076,90.0
19.496665382589125,101.89269389984402,270.0
19.50109269407825,101.93782555342472,75.9
19.85250391140587,101.94243461194664,269.3
20.700914740916318,101.4778116107649,99.3
20.730868362323026,99.9921635694034,286.9
21.26715667945859,100.71348122808828,105.9
4.8145155449774055,98.17648837790321,197.9
5.606544474245105,98.47183932265193,23.7
85.44002273669099,54.81098065401819,314.0
59.744461004449654,38.297146724686485,39.0
57.604401207447474,29.76921815003939,239.0
83.32359983105472,38.47510072133312,283.0
62.22485194961317,24.6316130065363,312.0
92.98990346014436,0.6194079721039559,306.0
38.973242797269705,36.0992496308371,320.0
79.2170178779377,30.4914638070844,160.0
27.116466382896235,55.04801205737957,207.0
23.055021194648397,54.78822407200936,326.0
84.40958219944882,39.519238076226394,158.0
88.16503885349017,5.3286284503881225,124.0
80.23725673404539,77.9354830793419,272.0
93.05306486533058,10.247617802431822,53.0
87.2602284380719,-1.0735394362698691,251.0
83.37663619298844,45.62700879422802,336.0
45.27124961397348,38.792280249730545,286.0
53.67066125905841,44.70906890521868,175.0
71.53239891514949,36.62700745378593,269.0
79.99093963378466,43.4588334256348,339.0
82.77269725934974,4.727532979257272,196.0
53.70833762087894,36.184991523766094,121.0
20.274734426894977,62.851880222633,335.0
22.542938657771764,69.22931695299368,310.0
87.19018141395182,66.6258072425735,341.0
96.76790049431725,56.40893196359401,33.0
93.78686668996654,57.528422785329326,212.0
67.5749955468969,92.24901227463431,210.0
35.16768560169622,57.917274720406986,56.0
22.819486454858605,72.41920304944385,135.0
28.87956507176651,60.271725137609266,325.0
31.50884573593162,56.689166846165605,135.0
65.72037354129002,96.43784736138618,275.0
22.602223954696864,87.99038140010825,360.0
68.54187085626707,84.24065451518116,88.0
63.61375733693499,98.4206808352769,358.0
78.40773658239438,97.2771961003859,226.0
4.057029667202061,98.3516635350159,284.0
4.146899374254608,98.29348319338258,98.4
4.20745509145387,98.28064588273422,106.9
4.2104292307964855,98.2793879294016,106.9
4.21508940354236,98.29622594409138,16.9
4.219165949340979,98.2759027800047,87.2
2.1961675694363283,103.17169217304532,28.1
100.70546644158317,103.00717868598112,213.8
100.7092953880708,102.9913408473017,253.1
100.71382586593953,102.98791240891566,42.2
100.72003353437906,102.95263300459163,90.0
100.72119194544113,102.98420041547519,309.4
100.72858455344031,102.972048792504,270.0
100.73173554943361,102.95263816013806,90.0
100.7407375529542,102.98409214899982,5.6
100.74080534800362,102.95932490387742,357.2
100.74557752996162,102.99792963565856,90.0
100.74828638432818,102.99795025784434,90.0
100.74991936073629,102.97267261362386,315.0
100.75249262500395,102.98851045230332,0.0
100.76483427161187,102.94259000011652,270.1
100.76980689110738,102.95892792680114,180.0
100.79142172143362,102.94838998986728,90.0
100.81334310328772,102.99942474412765,90.0
100.8149141798681,103.0050288231135,272.8
100.81591047233371,103.00008980961908,59.1
92.60439428056203,86.69187969470504,75.9
70.4119412903125,84.03011746500131,84.5
59.682693819193105,85.72740584348195,284.1
61.69385459394434,85.30592961049949,222.2
61.71862631548555,85.23494804704292,180.0
61.72195122051867,85.23738662051147,16.9
61.726204622968,85.23873737368008,340.3
61.73348522175507,85.23648955543001,87.2
61.73378882567213,85.22639499549044,87.2
61.73623534267343,85.23403035977567,180.0
61.745458417007384,85.22692601677429,90.0
61.750260075073875,85.2470429590032,357.2
61.75041924605948,85.23884564015543,357.2
61.75502930942104,85.17911863458858,179.9
62.63742609197412,98.69097066875584,239.1
62.64415548753319,98.73825218520412,227.8
63.549301930587816,99.22616278967855,0.0
63.549301930587816,99.22911176224515,0.0
63.555515494249015,99.13911654349896,357.2
63.57020638670041,99.33948170054255,338.0
63.578610025219426,99.1641518770365,343.1
63.58290174660974,99.12846002899684,354.4
63.5842370143225,99.16421374359383,348.8
63.58549269654246,99.15453678291632,202.5
63.587199363221714,99.09585635327784,320.6
63.58775940928226,99.15146923278148,
63.588891291846735,99.18669708164107,247.5
63.58959577083866,99.1163651170366,143.4
63.59022361194865,99.09760923906919,22.5
63.592413686806466,99.14609715338565,278.4
63.59273202877777,99.12993451528017,182.8
63.593586835922785,99.04896150281292,180.0
63.59360157397701,99.05559669108779,180.0
63.59536719287315,99.13734819106827,180.0
63.59545856880935,99.17005497771619,180.0
63.596266214180886,99.0468116399453,110.0
63.59872157401476,99.06073677089361,180.0
63.598762840566565,99.06481480813171,180.0
63.598762840566565,99.07771398533743,180.0
63.59876873578824,99.07085195301896,180.0
63.59884832128107,99.09819181581749,180.0
63.59888664022204,99.09429422270495,180.0
63.59888664022204,99.10197598690822,180.0
63.599255091577696,99.23194731279001,0.0
63.600581516457936,99.0543954487661,90.0
63.600664049561594,99.0506164332218,90.0
63.60444288666483,99.04847172590063,3.0
63.61054444111395,99.16834849184283,333.0
64.1608486478174,98.8576546408734,135.0
50.113077721040504,88.77216846304809,100.8
22.621483643957966,95.08935232210453,314.3
19.447133729950068,101.90303077046653,59.1
19.448843344240153,101.9244005104816,357.2
19.46860117973406,101.93400013796241,90.0
19.471893661047925,101.92992210072431,146.3
19.47992000537877,101.92856619200927,90.0
19.493535019871747,101.92464797671097,98.4
19.4972549047581,101.9248232652901,289.7
19.501667478193035,101.91862114291658,182.8
19.59070006376563,103.12184835001375,6.5
19.770386420875603,102.9187043534362,39.4
20.516532839730335,101.18367221943076,46.0
85.70974976228253,38.32151183718619,12.0
57.14340076651438,31.885508099208796,174.0
38.65708500564805,36.96153539597123,122.0
74.4585541007884,25.315888064012913,324.0
94.95038006641613,49.568243607405954,257.0
82.78505364401191,4.794802549273354,204.0
60.57195853501501,39.505075790141625,192.0
72.96079639257233,41.66173882352286,59.0
84.37510694300593,36.920218846759944,271.0
56.44694517128431,28.815875123591322,252.0
100.42384285862127,46.49911587534011,262.0
48.09200118340678,43.883928852221715,141.0
46.14945194629416,36.431560688050965,307.0
58.279132910750064,29.075209420874373,94.0
93.89418330561054,37.90460857390058,7.0
92.76926299795426,37.29324840979748,261.0
36.14954951221313,49.21229952528759,317.0
77.13137981996641,45.545210894329536,293.0
55.61416846969562,43.66944265346489,278.0
84.77115972658078,38.01899468287873,77.0
72.62310335611726,36.64783586142426,269.0
86.43930997491258,34.01299589525703,277.0
27.542794077459828,72.42246651034363,313.0
82.93866248797629,60.005296808417725,146.0
78.72594885877498,60.36074595807736,330.0
83.27993392399719,59.23333621700232,326.0
54.380216036883546,57.69974674924752,198.0
77.75578696331262,62.952490711509746,330.0
84.10035424092372,57.372493283096304,326.0
77.86353982536171,63.33941962776337,337.0
9.936590700741712,95.85407452631098,119.0
69.21074565682066,80.80792155897949,289.0
69.09001446422116,85.50019060055209,94.0
58.34860220314453,87.25696882946308,272.0
38.62395680736132,89.57725344037347,102.0
25.153784963712376,84.987347773469,295.0
62.53237029384818,90.29955065288293,29.0
68.91310180891634,84.80136659100731,245.0
63.28839415664446,84.87322459735957,288.0
58.797762091313366,82.86566512271799,120.0
6.486656858393322,91.61737534636251,327.0
68.38438295643067,84.17004415106864,90.0
61.45690205333813,82.23291459641403,94.0
15.925944343035136,91.46192015440242,120.0
80.41400432314289,94.66292676453476,237.0
76.91107538541262,92.75707075461631,228.0
75.78471369605315,83.08423966980581,255.0
97.3508760196265,88.47580187564967,96.0
99.97573526752412,83.57394955998957,280.0
79.8552611065903,91.62740803974474,269.0
6.808568386384385,97.98387716271309,87.0
8.10682884500138,103.5012862572826,49.0
16.074082421271278,102.34577363253511,283.0
28.28121775590073,97.02919369418929,100.0
18.332624383798237,101.83026023239347,279.0
81.43131030645984,102.50681228129527,181.0
63.56817843043908,99.12538732331555,90.0
19.4437675583651,101.93759355383469,90.0
54.55567257243097,62.408719761302315,295.0
4.130277796699804,98.29102399772827,191.0
100.77576106501424,102.95987654734704,260.0
100.75559056400203,102.98266921818097,90.0
93.53100522578977,38.00803914668282,73.0
19.452156458829922,101.92964885676273,155.0
57.56130418928306,29.68395056738336,239.0
45.106908518922516,35.35947511587864,82.0
68.5014119498089,84.24060295971671,91.0
26.146664095956975,49.87208573714983,198.0
61.739236010513636,85.24985788736224,225.0
93.53404126496011,38.05876972370292,304.0
59.332945054382094,81.82111016856265,133.0
19.44534158255632,101.90685103038236,0.0
93.5345836253556,38.058310880069314,304.0
57.54396339468205,29.68239359235692,253.0
83.58014514094752,84.16290887478858,66.0
83.56280434634651,84.17012663981177,107.0
100.72849022989327,102.95932490387742,270.0
19.4139701603332,101.86246693103621,53.0
47.78472454326104,16.50961669233957,143.0
20.456649177803747,101.24164118365985,290.0
4.141139742663524,98.29592176685112,264.0
65.58218070204482,87.22474150863457,348.0
92.6010841135831,86.65206340950928,25.0
68.73349208968834,82.42364403715169,135.0
4.1493724197535435,98.2941121700489,276.0
59.299168381709464,81.86689657654188,132.0
68.77601727134886,82.40450664874736,293.0
59.66051304758464,82.80808798001875,248.0
68.52187721190556,84.17002868442931,91.0
93.89278024284836,102.57393234046444,136.0
87.97961055045423,-1.4194662916453444,306.0
73.08445161513005,96.73425519315616,325.0
38.98363312549825,93.0149408767089,251.0
22.612779349132726,95.12592061303984,354.0
78.4596292713202,85.28110049881974,278.0
41.25696914685618,96.51292242872017,118.0
54.457464074297924,63.67162757404834,194.0
22.596676551086585,95.14721817540467,321.0
1.749896339895606,103.24886039223603,355.0
64.16482202723645,98.79960834344764,314.0
54.51636028659146,62.441307970382,211.0
19.678367905517046,103.50997850858909,121.0
85.33163613831026,37.47077965163561,280.0
99.51377685306637,72.94769295998792,96.0
88.74422080364191,76.58627657465081,110.0
66.75032182752108,90.0486353629448,89.0
44.830030589421035,61.33013304506266,114.0
68.50388499530783,84.24091744804988,91.0
57.55367872002708,29.68565189771024,189.0
95.01029909967289,96.05789389947282,277.0
83.58821569944105,99.83351193864733,235.0
99.29368169888261,97.22382072803948,235.0
58.30101597366319,30.4350569734282,239.0
62.70693959853124,96.57222152393209,49.0
19.69334471622036,98.89117600385964,239.0
